{"epoch": 0, "time_epoch": 7.00482, "eta": 350234.16749, "eta_hours": 97.28727, "loss": 4.46362984, "lr": 0.0, "params": 746433, "time_iter": 0.17085, "mae": 4.46363, "r2": -3.12109, "spearmanr": 0.53576, "mse": 25.50366, "rmse": 5.05012}
{"epoch": 1, "time_epoch": 4.12734, "eta": 278293.07516, "eta_hours": 77.30363, "loss": 3.97574885, "lr": 5e-05, "params": 746433, "time_iter": 0.10067, "mae": 3.97575, "r2": -2.64578, "spearmanr": -0.33428, "mse": 22.56217, "rmse": 4.74997}
{"epoch": 2, "time_epoch": 4.13598, "eta": 254453.90401, "eta_hours": 70.68164, "loss": 3.44996322, "lr": 0.0001, "params": 746433, "time_iter": 0.10088, "mae": 3.44996, "r2": -1.90898, "spearmanr": -0.17335, "mse": 18.0024, "rmse": 4.24292}
{"epoch": 3, "time_epoch": 4.05891, "eta": 241568.97638, "eta_hours": 67.10249, "loss": 3.03100201, "lr": 0.00015, "params": 746433, "time_iter": 0.099, "mae": 3.031, "r2": -1.30752, "spearmanr": 0.24106, "mse": 14.28028, "rmse": 3.77893}
{"epoch": 4, "time_epoch": 4.92598, "eta": 242506.22162, "eta_hours": 67.36284, "loss": 2.57740491, "lr": 0.0002, "params": 746433, "time_iter": 0.12015, "mae": 2.5774, "r2": -0.76736, "spearmanr": 0.62556, "mse": 10.93742, "rmse": 3.30718}
{"epoch": 5, "time_epoch": 4.32885, "eta": 238153.87738, "eta_hours": 66.15385, "loss": 2.08976642, "lr": 0.00025, "params": 746433, "time_iter": 0.10558, "mae": 2.08977, "r2": -0.26337, "spearmanr": 0.72882, "mse": 7.81847, "rmse": 2.79615}
{"epoch": 6, "time_epoch": 4.13281, "eta": 233643.72567, "eta_hours": 64.90103, "loss": 1.63914713, "lr": 0.0003, "params": 746433, "time_iter": 0.1008, "mae": 1.63915, "r2": 0.17552, "spearmanr": 0.82796, "mse": 5.10237, "rmse": 2.25884}
