{"epoch": 0, "time_epoch": 14.29144, "eta": 714557.48257, "eta_hours": 198.48819, "loss": 97.8156282, "lr": 0.0, "params": 746433, "time_iter": 0.16813, "mae": 97.81562, "r2": -3.62637, "spearmanr": 0.30201, "mse": 12195.68164, "rmse": 110.43406}
{"epoch": 1, "time_epoch": 8.32465, "eta": 565379.45062, "eta_hours": 157.04985, "loss": 97.17461555, "lr": 5e-05, "params": 746433, "time_iter": 0.09794, "mae": 97.17461, "r2": -3.58269, "spearmanr": -0.04045, "mse": 12080.53809, "rmse": 109.9115}
