{"epoch": 42927, "time_epoch": 7.81505, "time_epoch_std": 0.0, "eta": 54626.09596, "eta_std": 0.0, "eta_hours": 15.17392, "eta_hours_std": 0.0, "loss": 0.77642, "loss_std": 0.0, "lr": 5e-05, "lr_std": 0.0, "params": 746433.0, "params_std": 0.0, "time_iter": 0.09194, "time_iter_std": 0.0, "mae": 0.77642, "mae_std": 0.0, "r2": 0.99929, "r2_std": 0.0, "spearmanr": 0.99895, "spearmanr_std": 0.0, "mse": 1.87409, "mse_std": 0.0, "rmse": 1.36898, "rmse_std": 0.0}
